date,arxiv_num,title,authors,categories,comments,abstract,networked,multi agent reinforcement learning ,sampling,keyword count
,,,,,,,,,,0
,,,,,,,,,,0
,,,,,,,,,,0
,,,,,,,,,,0
,,,,,,,,,,0
,,,,,,,,,,0
,,,,,,,,,,0
,,,,,,,,,,0
,,,,,,,,,,0
,,,,,,,,,,0
,,,,,,,,,,0
,,,,,,,,,,0
,,,,,,,,,,0
,,,,,,,,,,0
,,,,,,,,,,0
,,,,,,,,,,0
,,,,,,,,,,0
,,,,,,,,,,0
,,,,,,,,,,0
,,,,,,,,,,0
,,,,,,,,,,0
,,,,,,,,,,0
,,,,,,,,,,0
,,,,,,,,,,0
,,,,,,,,,,0
,,,,,,,,,,0
,,,,,,,,,,0
,,,,,,,,,,0
,,,,,,,,,,0
,,,,,,,,,,0
,,,,,,,,,,0
,,,,,,,,,,0
,,,,,,,,,,0
,,,,,,,,,,0
,,,,,,,,,,0
,,,,,,,,,,0
,,,,,,,,,,0
,,,,,,,,,,0
,,,,,,,,,,0
,,,,,,,,,,0
,,,,,,,,,,0
,,,,,,,,,,0
,,,,,,,,,,0
